Workbook

Sheet STUDENTS GRADE
G1: Avg Formula | H1: IF Formula | K1: COUNTIFS – Math > 50
A2: Student ID | B2: Name | C2: Math | D2: Science | E2: English | F2: Enrollment Date | G2: Avg Marks | H2: Grade | I2: Pass/ fail | J2: Count Above 60 marks | K2: Students Scoring | L2: Above 80 math & science apply if OR & And | M2: First Name extract (LEFT + FIND) | N2: Convert to UPPERCASE | O2: Convert to lowercase | P2: Math Formulas(Round) | Q2: Math Formulas(Celing) | R2: Math Formulas(Floor)
A3: 1001 | B3: Student 1 | C3: 61 | D3: 48 | E3: 76 | F3: 43101 | G3: =AVERAGE(C3:E3) -> 61.666667 | H3: =IF(C3>=80,"A",IF(C3>=60,"B",IF(C3>=40,"C","Fail"))) -> B | I3: =IF('STUDENTS GRADE'!$G3>=35,"Pass","Fail") -> Pass | J3: =COUNTIF(G3:G22,">60") -> 16 | K3: =COUNTIFS(B3:C22,">50") -> 19 | L3: =IF(OR(C3>=90,D3>=90,E3>=90),"Eligible","Not Eligible") -> Not Eligible | M3: =LEFT(B3,FIND(" ",B3)-1) -> Student | N3: =UPPER(B3) -> STUDENT 1 | O3: =LOWER(B3) -> student 1 | P3: =ROUND(G3,2) -> 61.67 | Q3: =CEILING(G3,10) -> 70 | R3: =FLOOR(G3,10) -> 60
A4: 1002 | B4: Student 2 | C4: 78 | D4: 76 | E4: 70 | F4: 43281 | G4: =AVERAGE(C4:E4) -> 74.666667 | H4: =IF(C4>=80,"A",IF(C4>=60,"B",IF(C4>=40,"C","Fail"))) -> B | I4: =IF('STUDENTS GRADE'!$G4>=35,"Pass","Fail") -> Pass | J4: =COUNTIF(G4:G23,">60") -> 15 | K4: =COUNTIFS(B4:C23,">50") -> 18 | L4: =IF(OR(C4>=90,D4>=90,E4>=90),"Eligible","Not Eligible") -> Not Eligible | M4: =LEFT(B4,FIND(" ",B4)-1) -> Student | N4: =UPPER(B4) -> STUDENT 2 | O4: =LOWER(B4) -> student 2 | P4: =ROUND(G4,2) -> 74.67 | Q4: =CEILING(G4,10) -> 80 | R4: =FLOOR(G4,10) -> 70
A5: 1003 | B5: Student 3 | C5: 97 | D5: 60 | E5: 51 | F5: 43461 | G5: =AVERAGE(C5:E5) -> 69.333333 | H5: =IF(C5>=80,"A",IF(C5>=60,"B",IF(C5>=40,"C","Fail"))) -> A | I5: =IF('STUDENTS GRADE'!$G5>=35,"Pass","Fail") -> Pass | J5: =COUNTIF(G5:G24,">60") -> 14 | K5: =COUNTIFS(B5:C24,">50") -> 17 | L5: =IF(OR(C5>=90,D5>=90,E5>=90),"Eligible","Not Eligible") -> Eligible | M5: =LEFT(B5,FIND(" ",B5)-1) -> Student | N5: =UPPER(B5) -> STUDENT 3 | O5: =LOWER(B5) -> student 3 | P5: =ROUND(G5,2) -> 69.33 | Q5: =CEILING(G5,10) -> 70 | R5: =FLOOR(G5,10) -> 60
A6: 1004 | B6: Student 4 | C6: 74 | D6: 55 | E6: 46 | F6: 43641 | G6: =AVERAGE(C6:E6) -> 58.333333 | H6: =IF(C6>=80,"A",IF(C6>=60,"B",IF(C6>=40,"C","Fail"))) -> B | I6: =IF('STUDENTS GRADE'!$G6>=35,"Pass","Fail") -> Pass | J6: =COUNTIF(G6:G25,">60") -> 13 | K6: =COUNTIFS(B6:C25,">50") -> 16 | L6: =IF(OR(C6>=90,D6>=90,E6>=90),"Eligible","Not Eligible") -> Not Eligible | M6: =LEFT(B6,FIND(" ",B6)-1) -> Student | N6: =UPPER(B6) -> STUDENT 4 | O6: =LOWER(B6) -> student 4 | P6: =ROUND(G6,2) -> 58.33 | Q6: =CEILING(G6,10) -> 60 | R6: =FLOOR(G6,10) -> 50
A7: 1005 | B7: Student 5 | C7: 68 | D7: 74 | E7: 84 | F7: 43821 | G7: =AVERAGE(C7:E7) -> 75.333333 | H7: =IF(C7>=80,"A",IF(C7>=60,"B",IF(C7>=40,"C","Fail"))) -> B | I7: =IF('STUDENTS GRADE'!$G7>=35,"Pass","Fail") -> Pass | J7: =COUNTIF(G7:G26,">60") -> 14 | K7: =COUNTIFS(B7:C26,">50") -> 15 | L7: =IF(OR(C7>=90,D7>=90,E7>=90),"Eligible","Not Eligible") -> Not Eligible | M7: =LEFT(B7,FIND(" ",B7)-1) -> Student | N7: =UPPER(B7) -> STUDENT 5 | O7: =LOWER(B7) -> student 5 | P7: =ROUND(G7,2) -> 75.33 | Q7: =CEILING(G7,10) -> 80 | R7: =FLOOR(G7,10) -> 70
A8: 1006 | B8: Student 6 | C8: 80 | D8: 70 | E8: 65 | F8: 44001 | G8: =AVERAGE(C8:E8) -> 71.666667 | H8: =IF(C8>=80,"A",IF(C8>=60,"B",IF(C8>=40,"C","Fail"))) -> A | I8: =IF('STUDENTS GRADE'!$G8>=35,"Pass","Fail") -> Pass | J8: =COUNTIF(G8:G27,">60") -> 13 | K8: =COUNTIFS(B8:C27,">50") -> 14 | L8: =IF(OR(C8>=90,D8>=90,E8>=90),"Eligible","Not Eligible") -> Not Eligible | M8: =LEFT(B8,FIND(" ",B8)-1) -> Student | N8: =UPPER(B8) -> STUDENT 6 | O8: =LOWER(B8) -> student 6 | P8: =ROUND(G8,2) -> 71.67 | Q8: =CEILING(G8,10) -> 80 | R8: =FLOOR(G8,10) -> 70
A9: 1007 | B9: Student 7 | C9: 75 | D9: 47 | E9: 78 | F9: 44181 | G9: =AVERAGE(C9:E9) -> 66.666667 | H9: =IF(C9>=80,"A",IF(C9>=60,"B",IF(C9>=40,"C","Fail"))) -> B | I9: =IF('STUDENTS GRADE'!$G9>=35,"Pass","Fail") -> Pass | J9: =COUNTIF(G9:G28,">60") -> 12 | K9: =COUNTIFS(B9:C28,">50") -> 13 | L9: =IF(OR(C9>=90,D9>=90,E9>=90),"Eligible","Not Eligible") -> Not Eligible | M9: =LEFT(B9,FIND(" ",B9)-1) -> Student | N9: =UPPER(B9) -> STUDENT 7 | O9: =LOWER(B9) -> student 7 | P9: =ROUND(G9,2) -> 66.67 | Q9: =CEILING(G9,10) -> 70 | R9: =FLOOR(G9,10) -> 60
A10: 1008 | B10: Student 8 | C10: 94 | D10: 67 | E10: 64 | F10: 44361 | G10: =AVERAGE(C10:E10) -> 75 | H10: =IF(C10>=80,"A",IF(C10>=60,"B",IF(C10>=40,"C","Fail"))) -> A | I10: =IF('STUDENTS GRADE'!$G10>=35,"Pass","Fail") -> Pass | J10: =COUNTIF(G10:G29,">60") -> 11 | K10: =COUNTIFS(B10:C29,">50") -> 12 | L10: =IF(OR(C10>=90,D10>=90,E10>=90),"Eligible","Not Eligible") -> Eligible | M10: =LEFT(B10,FIND(" ",B10)-1) -> Student | N10: =UPPER(B10) -> STUDENT 8 | O10: =LOWER(B10) -> student 8 | P10: =ROUND(G10,2) -> 75 | Q10: =CEILING(G10,10) -> 80 | R10: =FLOOR(G10,10) -> 70
A11: 1009 | B11: Student 9 | C11: 41 | D11: 75 | E11: 56 | F11: 44541 | G11: =AVERAGE(C11:E11) -> 57.333333 | H11: =IF(C11>=80,"A",IF(C11>=60,"B",IF(C11>=40,"C","Fail"))) -> C | I11: =IF('STUDENTS GRADE'!$G11>=35,"Pass","Fail") -> Pass | J11: =COUNTIF(G11:G30,">60") -> 10 | K11: =COUNTIFS(B11:C30,">50") -> 11 | L11: =IF(OR(C11>=90,D11>=90,E11>=90),"Eligible","Not Eligible") -> Not Eligible | M11: =LEFT(B11,FIND(" ",B11)-1) -> Student | N11: =UPPER(B11) -> STUDENT 9 | O11: =LOWER(B11) -> student 9 | P11: =ROUND(G11,2) -> 57.33 | Q11: =CEILING(G11,10) -> 60 | R11: =FLOOR(G11,10) -> 50
A12: 1010 | B12: Student 10 | C12: 98 | D12: 54 | E12: 58 | F12: 44721 | G12: =AVERAGE(C12:E12) -> 70 | H12: =IF(C12>=80,"A",IF(C12>=60,"B",IF(C12>=40,"C","Fail"))) -> A | I12: =IF('STUDENTS GRADE'!$G12>=35,"Pass","Fail") -> Pass | J12: =COUNTIF(G12:G31,">60") -> 10 | K12: =COUNTIFS(B12:C31,">50") -> 11 | L12: =IF(OR(C12>=90,D12>=90,E12>=90),"Eligible","Not Eligible") -> Eligible | M12: =LEFT(B12,FIND(" ",B12)-1) -> Student | N12: =UPPER(B12) -> STUDENT 10 | O12: =LOWER(B12) -> student 10 | P12: =ROUND(G12,2) -> 70 | Q12: =CEILING(G12,10) -> 70 | R12: =FLOOR(G12,10) -> 70
A13: 1011 | B13: Student 11 | C13: 73 | D13: 79 | E13: 53 | F13: 44901 | G13: =AVERAGE(C13:E13) -> 68.333333 | H13: =IF(C13>=80,"A",IF(C13>=60,"B",IF(C13>=40,"C","Fail"))) -> B | I13: =IF('STUDENTS GRADE'!$G13>=35,"Pass","Fail") -> Pass | J13: =COUNTIF(G13:G32,">60") -> 9 | K13: =COUNTIFS(B13:C32,">50") -> 10 | L13: =IF(OR(C13>=90,D13>=90,E13>=90),"Eligible","Not Eligible") -> Not Eligible | M13: =LEFT(B13,FIND(" ",B13)-1) -> Student | N13: =UPPER(B13) -> STUDENT 11 | O13: =LOWER(B13) -> student 11 | P13: =ROUND(G13,2) -> 68.33 | Q13: =CEILING(G13,10) -> 70 | R13: =FLOOR(G13,10) -> 60
A14: 1012 | B14: Student 12 | C14: 85 | D14: 89 | E14: 79 | F14: 45081 | G14: =AVERAGE(C14:E14) -> 84.333333 | H14: =IF(C14>=80,"A",IF(C14>=60,"B",IF(C14>=40,"C","Fail"))) -> A | I14: =IF('STUDENTS GRADE'!$G14>=35,"Pass","Fail") -> Pass | J14: =COUNTIF(G14:G33,">60") -> 8 | K14: =COUNTIFS(B14:C33,">50") -> 9 | L14: =IF(OR(C14>=90,D14>=90,E14>=90),"Eligible","Not Eligible") -> Not Eligible | M14: =LEFT(B14,FIND(" ",B14)-1) -> Student | N14: =UPPER(B14) -> STUDENT 12 | O14: =LOWER(B14) -> student 12 | P14: =ROUND(G14,2) -> 84.33 | Q14: =CEILING(G14,10) -> 90 | R14: =FLOOR(G14,10) -> 80
... A22: 1020 | B22: Student 20 | C22: 83 | D22: 92 | E22: 55 | F22: 46521 | G22: =AVERAGE(C22:E22) -> 76.666667 | H22: =IF(C22>=80,"A",IF(C22>=60,"B",IF(C22>=40,"C","Fail"))) -> A | I22: =IF('STUDENTS GRADE'!$G22>=35,"Pass","Fail") -> Pass | J22: =COUNTIF(G22:G41,">60") -> 2 | K22: =COUNTIFS(B22:C41,">50") -> 1 | L22: =IF(OR(C22>=90,D22>=90,E22>=90),"Eligible","Not Eligible") -> Eligible | M22: =LEFT(B22,FIND(" ",B22)-1) -> Student | N22: =UPPER(B22) -> STUDENT 20 | O22: =LOWER(B22) -> student 20 | P22: =ROUND(G22,2) -> 76.67 | Q22: =CEILING(G22,10) -> 80 | R22: =FLOOR(G22,10) -> 70
F24: Above 80 marks | G24: =COUNTIF(G3:G22,">80") -> 2
F26: INDIRECT – Dynamic Range | G26: =SUM(INDIRECT("C2:C21")) -> 1521 | I26: Top Performing Students (Using FILTER Function)
I27: {=_xlfn._xlws.FILTER(B2:G21, G2:G21>80)} -> Name | J27: Math | K27: Science | L27: English | M27: Enrollment Date | N27: Avg Marks
I28: Student 12 | J28: 85 | K28: 89 | L28: 79 | M28: 45081 | N28: 84.333333
I29: Student 13 | J29: 98 | K29: 90 | L29: 97 | M29: 45261 | N29: 95

Sheet SALES DATA
H1: Vlookup Functions Fatched Sales by using vlookup | J1: Compute discounts
A2: Sales ID | B2: Product | C2: Region | D2: Salesperson | E2: Amount | F2: Date | H2: Sales ID | I2: Sales Amount
A3: 2001 | B3: Keyboard | C3: South | D3: Person 1 | E3: 7048 | F3: 44927 | H3: 2001 | I3: =VLOOKUP(H3,A3:E22,5,0) -> 7048 | J3: =IF(E3>=40000,20%,IF(E3>=30000,15%,IF(E3>=20000,10%,5%))) -> 0.05
A4: 2002 | B4: Printer | C4: West | D4: Person 2 | E4: 17428 | F4: 44942 | H4: 2002 | I4: =VLOOKUP(H4,A4:E23,5,0) -> 17428 | J4: =IF(E4>=40000,20%,IF(E4>=30000,15%,IF(E4>=20000,10%,5%))) -> 0.05 | L4: XMATCH – Product Position(Mouse)
A5: 2003 | B5: Mouse | C5: South | D5: Person 3 | E5: 23672 | F5: 44957 | H5: 2003 | I5: =VLOOKUP(H5,A5:E24,5,0) -> 23672 | J5: =IF(E5>=40000,20%,IF(E5>=30000,15%,IF(E5>=20000,10%,5%))) -> 0.1
A6: 2004 | B6: Printer | C6: East | D6: Person 4 | E6: 5264 | F6: 44972 | H6: 2004 | I6: =VLOOKUP(H6,A6:E25,5,0) -> 5264 | J6: =IF(E6>=40000,20%,IF(E6>=30000,15%,IF(E6>=20000,10%,5%))) -> 0.05 | L6: =_xlfn.XMATCH("Mouse",B:B) -> 5
A7: 2005 | B7: Keyboard | C7: North | D7: Person 5 | E7: 43388 | F7: 44987 | H7: 2005 | I7: =VLOOKUP(H7,A7:E26,5,0) -> 43388 | J7: =IF(E7>=40000,20%,IF(E7>=30000,15%,IF(E7>=20000,10%,5%))) -> 0.2
A8: 2006 | B8: Mouse | C8: North | D8: Person 6 | E8: 19757 | F8: 45002 | H8: 2006 | I8: =VLOOKUP(H8,A8:E27,5,0) -> 19757 | J8: =IF(E8>=40000,20%,IF(E8>=30000,15%,IF(E8>=20000,10%,5%))) -> 0.05
A9: 2007 | B9: Mouse | C9: East | D9: Person 7 | E9: 32058 | F9: 45017 | H9: 2007 | I9: =VLOOKUP(H9,A9:E28,5,0) -> 32058 | J9: =IF(E9>=40000,20%,IF(E9>=30000,15%,IF(E9>=20000,10%,5%))) -> 0.15 | L9: OFFSET – Dynamic Sales Total
A10: 2008 | B10: Keyboard | C10: East | D10: Person 8 | E10: 46429 | F10: 45032 | H10: 2008 | I10: =VLOOKUP(H10,A10:E29,5,0) -> 46429 | J10: =IF(E10>=40000,20%,IF(E10>=30000,15%,IF(E10>=20000,10%,5%))) -> 0.2
A11: 2009 | B11: Printer | C11: East | D11: Person 9 | E11: 19746 | F11: 45047 | H11: 2009 | I11: =VLOOKUP(H11,A11:E30,5,0) -> 19746 | J11: =IF(E11>=40000,20%,IF(E11>=30000,15%,IF(E11>=20000,10%,5%))) -> 0.05 | L11: =SUM(OFFSET(E2,0,0,5,1)) -> 53412
A12: 2010 | B12: Keyboard | C12: South | D12: Person 10 | E12: 35185 | F12: 45062 | H12: 2010 | I12: =VLOOKUP(H12,A12:E31,5,0) -> 35185 | J12: =IF(E12>=40000,20%,IF(E12>=30000,15%,IF(E12>=20000,10%,5%))) -> 0.15
A13: 2011 | B13: Keyboard | C13: East | D13: Person 11 | E13: 33920 | F13: 45077 | H13: 2011 | I13: =VLOOKUP(H13,A13:E32,5,0) -> 33920 | J13: =IF(E13>=40000,20%,IF(E13>=30000,15%,IF(E13>=20000,10%,5%))) -> 0.15
A14: 2012 | B14: Monitor | C14: North | D14: Person 12 | E14: 35611 | F14: 45092 | H14: 2012 | I14: =VLOOKUP(H14,A14:E33,5,0) -> 35611 | J14: =IF(E14>=40000,20%,IF(E14>=30000,15%,IF(E14>=20000,10%,5%))) -> 0.15 | L14: INDEX + MATCH – SALES SHEET
A15: 2013 | B15: Laptop | C15: East | D15: Person 13 | E15: 15560 | F15: 45107 | H15: 2013 | I15: =VLOOKUP(H15,A15:E34,5,0) -> 15560 | J15: =IF(E15>=40000,20%,IF(E15>=30000,15%,IF(E15>=20000,10%,5%))) -> 0.05
A16: 2014 | B16: Laptop | C16: South | D16: Person 14 | E16: 7283 | F16: 45122 | H16: 2014 | I16: =VLOOKUP(H16,A16:E35,5,0) -> 7283 | J16: =IF(E16>=40000,20%,IF(E16>=30000,15%,IF(E16>=20000,10%,5%))) -> 0.05 | L16: =INDEX(E:E, MATCH("Person 8", D:D, 0)) -> 46429
A17: 2015 | B17: Laptop | C17: East | D17: Person 15 | E17: 15678 | F17: 45137 | H17: 2015 | I17: =VLOOKUP(H17,A17:E36,5,0) -> 15678 | J17: =IF(E17>=40000,20%,IF(E17>=30000,15%,IF(E17>=20000,10%,5%))) -> 0.05
A18: 2016 | B18: Mouse | C18: East | D18: Person 16 | E18: 5277 | F18: 45152 | H18: 2016 | I18: =VLOOKUP(H18,A18:E37,5,0) -> 5277 | J18: =IF(E18>=40000,20%,IF(E18>=30000,15%,IF(E18>=20000,10%,5%))) -> 0.05
A19: 2017 | B19: Monitor | C19: North | D19: Person 17 | E19: 41871 | F19: 45167 | H19: 2017 | I19: =VLOOKUP(H19,A19:E38,5,0) -> 41871 | J19: =IF(E19>=40000,20%,IF(E19>=30000,15%,IF(E19>=20000,10%,5%))) -> 0.2
A20: 2018 | B20: Monitor | C20: West | D20: Person 18 | E20: 38161 | F20: 45182 | H20: 2018 | I20: =VLOOKUP(H20,A20:E39,5,0) -> 38161 | J20: =IF(E20>=40000,20%,IF(E20>=30000,15%,IF(E20>=20000,10%,5%))) -> 0.15
A21: 2019 | B21: Mouse | C21: West | D21: Person 19 | E21: 30436 | F21: 45197 | H21: 2019 | I21: =VLOOKUP(H21,A21:E40,5,0) -> 30436 | J21: =IF(E21>=40000,20%,IF(E21>=30000,15%,IF(E21>=20000,10%,5%))) -> 0.15
A22: 2020 | B22: Printer | C22: West | D22: Person 20 | E22: 33953 | F22: 45212 | H22: 2020 | I22: =VLOOKUP(H22,A22:E41,5,0) -> 33953 | J22: =IF(E22>=40000,20%,IF(E22>=30000,15%,IF(E22>=20000,10%,5%))) -> 0.15
D24: SUBTOTAL | E24: =SUBTOTAL(9,E6:E22) -> 459577
D26: Products wise and Region wise sales | E26: =SUMIFS(E2:E22, B2:B22,"Keyboard", C2:C22,"East") -> 80349

Sheet EMPLOYEE DATA
A2: Employee ID | B2: Name | C2: Department | D2: Salary | E2: Joining Date | F2: Extract year from joining date | G2: Date Functions – Age from DOB | H2: Date Difference (Days) | J2: Employee ID | K2: Name | L2: Department | M2: Salary | N2: Joining Date
A3: 3001 | B3: Employee 1 | C3: Finance | D3: 86766 | E3: 42005 | F3: =YEAR(E3) -> 2015 | G3: =IF(E3>TODAY(),"",DATEDIF(E3,TODAY(),"Y")) -> 11 | H3: =E4-E3 -> 250 | J3: 3002 | K3: {=_xlfn.XLOOKUP(J3,A:A,B:E)} -> Employee 2 | L3: Finance | M3: 31943 | N3: 42255
A4: 3002 | B4: Employee 2 | C4: Finance | D4: 31943 | E4: 42255 | F4: =YEAR(E4) -> 2015 | G4: =IF(E4>TODAY(),"",DATEDIF(E4,TODAY(),"Y")) -> 10 | H4: =E5-E4 -> 250
A5: 3003 | B5: Employee 3 | C5: HR | D5: 63374 | E5: 42505 | F5: =YEAR(E5) -> 2016 | G5: =IF(E5>TODAY(),"",DATEDIF(E5,TODAY(),"Y")) -> 9 | H5: =E6-E5 -> 250 | J5: INDEX + MATCH | K5: =INDEX(D:D,MATCH(J3,A:A,0)) -> 31943
A6: 3004 | B6: Employee 4 | C6: Finance | D6: 109972 | E6: 42755 | F6: =YEAR(E6) -> 2017 | G6: =IF(E6>TODAY(),"",DATEDIF(E6,TODAY(),"Y")) -> 8 | H6: =E7-E6 -> 250
A7: 3005 | B7: Employee 5 | C7: IT | D7: 54149 | E7: 43005 | F7: =YEAR(E7) -> 2017 | G7: =IF(E7>TODAY(),"",DATEDIF(E7,TODAY(),"Y")) -> 8 | H7: =E8-E7 -> 250
A8: 3006 | B8: Employee 6 | C8: IT | D8: 78689 | E8: 43255 | F8: =YEAR(E8) -> 2018 | G8: =IF(E8>TODAY(),"",DATEDIF(E8,TODAY(),"Y")) -> 7 | H8: =E9-E8 -> 250
A9: 3007 | B9: Employee 7 | C9: Marketing | D9: 35960 | E9: 43505 | F9: =YEAR(E9) -> 2019 | G9: =IF(E9>TODAY(),"",DATEDIF(E9,TODAY(),"Y")) -> 6 | H9: =E10-E9 -> 250
A10: 3008 | B10: Employee 8 | C10: IT | D10: 91659 | E10: 43755 | F10: =YEAR(E10) -> 2019 | G10: =IF(E10>TODAY(),"",DATEDIF(E10,TODAY(),"Y")) -> 6 | H10: =E11-E10 -> 250
A11: 3009 | B11: Employee 9 | C11: IT | D11: 90423 | E11: 44005 | F11: =YEAR(E11) -> 2020 | G11: =IF(E11>TODAY(),"",DATEDIF(E11,TODAY(),"Y")) -> 5 | H11: =E12-E11 -> 250
A12: 3010 | B12: Employee 10 | C12: HR | D12: 107877 | E12: 44255 | F12: =YEAR(E12) -> 2021 | G12: =IF(E12>TODAY(),"",DATEDIF(E12,TODAY(),"Y")) -> 4 | H12: =E13-E12 -> 250
A13: 3011 | B13: Employee 11 | C13: Finance | D13: 107634 | E13: 44505 | F13: =YEAR(E13) -> 2021 | G13: =IF(E13>TODAY(),"",DATEDIF(E13,TODAY(),"Y")) -> 4 | H13: =E14-E13 -> 250
A14: 3012 | B14: Employee 12 | C14: Finance | D14: 35226 | E14: 44755 | F14: =YEAR(E14) -> 2022 | G14: =IF(E14>TODAY(),"",DATEDIF(E14,TODAY(),"Y")) -> 3 | H14: =E15-E14 -> 250
A15: 3013 | B15: Employee 13 | C15: HR | D15: 40872 | E15: 45005 | F15: =YEAR(E15) -> 2023 | G15: =IF(E15>TODAY(),"",DATEDIF(E15,TODAY(),"Y")) -> 2 | H15: =E16-E15 -> 250
A16: 3014 | B16: Employee 14 | C16: HR | D16: 55378 | E16: 45255 | F16: =YEAR(E16) -> 2023 | G16: =IF(E16>TODAY(),"",DATEDIF(E16,TODAY(),"Y")) -> 2 | H16: =E17-E16 -> 250
A17: 3015 | B17: Employee 15 | C17: HR | D17: 63297 | E17: 45505 | F17: =YEAR(E17) -> 2024 | G17: =IF(E17>TODAY(),"",DATEDIF(E17,TODAY(),"Y")) -> 1 | H17: =E18-E17 -> 250
... A21: 3019 | B21: Employee 19 | C21: Marketing | D21: 116283 | E21: 46505 | F21: =YEAR(E21) -> 2027 | G21: =IF(E21>TODAY(),"",DATEDIF(E21,TODAY(),"Y")) | H21: =E22-E21 -> 250
A22: 3020 | B22: Employee 20 | C22: Marketing | D22: 99924 | E22: 46755 | F22: =YEAR(E22) -> 2028 | G22: =IF(E22>TODAY(),"",DATEDIF(E22,TODAY(),"Y"))
